Channel,Average Cost,ROI Percentage,Expected Conversions,Time to Results,Difficulty,Best For,Priority
Email Marketing,€93/month,450%,12-20%,Immediate,Easy,Past customers & leads,QUICK WIN
Facebook Retargeting,€0.24 CPC,350%,6-10%,Immediate,Medium,Website visitors,QUICK WIN
Hotel Concierge,22% commission,300%,40-60%,Ongoing,Easy,Hotel guests,QUICK WIN
Google Remarketing,€0.88 CPC,300%,5-8%,Immediate,Medium,Website visitors,QUICK WIN
SMS Marketing,€0.08/message,350%,15-25%,Immediate,Easy,Confirmed bookings,HIGH
Journalist Visits,€930/visit,300%,N/A,Varies,Medium,Media coverage,HIGH
Tour Operators,20-25% commission,250%,30-50%,Ongoing,Medium,Group bookings,HIGH
PR Agency,€4650/month,250%,N/A,3-6 months,Medium,Brand building,HIGH
Dianping China,€843/month,250%,8-12%,4-8 weeks,Hard,Chinese tourists,EMERGING
Credit Card Programs,€2325 setup,250%,15-25%,4-8 weeks,Medium,Premium diners,HIGH
TripAdvisor Sponsored,€5/day,220%,4-6%,1 week,Easy,Active planners,HIGH
Facebook Ads,€0.42 CPC,200%,2-3%,1-2 weeks,Medium,Travel audience,HIGH
Google Search Ads,€2.25 CPC,200%,3-5%,1-2 weeks,Medium,Active searchers,HIGH
Resy Platform,€465/month,200%,12-18%,1-2 weeks,Easy,AmEx cardholders,HIGH
Influencer - Micro,€475/post,200%,5-8%,2-4 weeks,Medium,Authentic reach,HIGH
Travel Bloggers,€5813/campaign,200%,6-10%,4-8 weeks,Medium,SEO + reach,HIGH
Tabelog Japan,€680/month,200%,5-8%,4-8 weeks,Hard,Japanese tourists,EMERGING
Instagram Ads,€1.22 CPC,180%,2.5-4%,1-2 weeks,Medium,Visual discovery,HIGH
Google Maps Ads,€2.05 CPC,180%,5-8%,1 week,Easy,Local searches,QUICK WIN
TikTok Ads,€0.50 CPC,180%,2-3%,2-4 weeks,Hard,Gen Z/Millennial,EMERGING
OpenTable,€280/month + €0.93/cover,180%,8-12%,2 weeks,Easy,International diners,MEDIUM
Nano Influencers,€125/post,180%,4-6%,2-4 weeks,Easy,Niche audience,MEDIUM
Mid-Tier Influencers,€2500/post,180%,3-5%,4-8 weeks,Medium,Established reach,MEDIUM
Sponsored Blogs - Medium,€1163/post,180%,3-5%,4-6 weeks,Medium,SEO value,MEDIUM
Retargeting - General,€7.50 CPM,160%,5-8%,Immediate,Medium,Ad network,MEDIUM
Programmatic Display,€18 CPM,160%,1.5-2.5%,2-4 weeks,Hard,Travel sites,MEDIUM
Yelp Advertising,€0.70 CPC,160%,3-5%,2 weeks,Easy,US tourists only,LOW
YouTube Video Ads,€0.12 CPV,150%,0.78%,2-4 weeks,Hard,Brand awareness,MEDIUM
Google Display,€0.50 CPC,150%,1-2%,2-4 weeks,Medium,Upper funnel,MEDIUM
Macro Influencers,€7500/post,150%,2-4%,8-12 weeks,Hard,Brand awareness,LOW
Large Travel Blogs,€9300/post,150%,2-4%,6-12 weeks,Medium,Massive reach,LOW
Awards Programs,€200/entry,200%,N/A,Varies,Easy,Credibility,MEDIUM
