restaurant,name,mentions
Arsenal,Marijo,22
Arsenal,Ante,20
Arsenal,Ivan,20
Arsenal,This,11
Arsenal,Obren,9
Arsenal,Stjepan,8
Arsenal,Vlaho,7
Arsenal,Davor,5
Arsenal,Marco,5
Arsenal,Robert,5
Arsenal,Daniel,4
Arsenal,Marko,4
Arsenal,It,3
Arsenal,Mario,3
Arsenal,Tomislav,3
Arsenal,Ana,2
Arsenal,Anthony,2
Arsenal,Anton,2
Arsenal,Antonio,2
Arsenal,Damir,2
Arsenal,Karlo,2
Arsenal,Maria,2
Arsenal,Marija,2
Arsenal,Marjo,2
Arsenal,Maro,2
Arsenal,Martin,2
Arsenal,Romana,2
Arsenal,Stefan,2
Arsenal,Aleksandar,1
Arsenal,And,1
Arsenal,Aresenal,1
Arsenal,Arsenal,1
Arsenal,Bero,1
Arsenal,Blaz,1
Arsenal,Blaze,1
Arsenal,Bojan,1
Arsenal,Christian,1
Arsenal,Ermin,1
Arsenal,Evo,1
Arsenal,Goran,1
Arsenal,Igor,1
Arsenal,Ivo,1
Arsenal,Ivor,1
Arsenal,Josef,1
Arsenal,Joseph,1
Arsenal,Marietta,1
Arsenal,Marijeta,1
Arsenal,Markos,1
Arsenal,Mihai,1
Arsenal,Nemahja,1
Arsenal,Obran,1
Arsenal,Obreh,1
Arsenal,Ovren,1
Arsenal,Plaz,1
Arsenal,Roberto,1
Arsenal,Somehow,1
Arsenal,St,1
Arsenal,Stejpan,1
Arsenal,Stepjan,1
Arsenal,Tanja,1
Arsenal,Tom,1
Arsenal,Valentino,1
Arsenal,When,1
Arsenal,Zac,1
Arsenal,Zegkd,1
Dubravka,This,10
Dubravka,Ivan,7
Dubravka,Anita,5
Dubravka,Duje,5
Dubravka,Jasmin,5
Dubravka,Mario,5
Dubravka,It,4
Dubravka,Ivana,4
Dubravka,Kosta,3
Dubravka,Stipe,3
Dubravka,Alexa,2
Dubravka,Antun,2
Dubravka,Blaz,2
Dubravka,Dario,2
Dubravka,Ante,1
Dubravka,Antonio,1
Dubravka,Branco,1
Dubravka,Branka,1
Dubravka,Branko,1
Dubravka,Davor,1
Dubravka,Dimko,1
Dubravka,Dover,1
Dubravka,Dragan,1
Dubravka,Duie,1
Dubravka,Duja,1
Dubravka,Ermin,1
Dubravka,Gibermu,1
Dubravka,Gibi,1
Dubravka,However,1
Dubravka,Jasmine,1
Dubravka,Jazmin,1
Dubravka,Josip,1
Dubravka,Luca,1
Dubravka,Marijo,1
Dubravka,Maris,1
Dubravka,Mirko,1
Dubravka,Neven,1
Dubravka,Restaurant,1
Dubravka,Roberto,1
Dubravka,Service,1
Dubravka,Then,1
Dubravka,Toni,1
Dubravka,Unfortunately,1
Nautika,Ivan,18
Nautika,Mario,18
Nautika,Antonio,10
Nautika,Maro,9
Nautika,Henry,7
Nautika,It,7
Nautika,This,5
Nautika,Martin,3
Nautika,Nautika,2
Nautika,Tihana,2
Nautika,Valentino,2
Nautika,Andrej,1
Nautika,Ante,1
Nautika,Darko,1
Nautika,Especially,1
Nautika,Evan,1
Nautika,Hendri,1
Nautika,Marco,1
Nautika,Maroje,1
Nautika,Martyn,1
Nautika,Mica,1
Nautika,Mr,1
Nautika,Rajko,1
Nautika,They,1
Nautika,Vinko,1
Panorama,Vedran,11
Panorama,Blaz,10
Panorama,This,9
Panorama,Josip,7
Panorama,Mario,7
Panorama,Robert,7
Panorama,Marco,6
Panorama,Martin,6
Panorama,Ivan,5
Panorama,Marijo,5
Panorama,Marko,5
Panorama,Petra,5
Panorama,Antonio,4
Panorama,Rajko,4
Panorama,Roberto,4
Panorama,Drazen,3
Panorama,It,3
Panorama,Nikola,3
Panorama,Tihomir,3
Panorama,And,2
Panorama,Bla,2
Panorama,Nikolai,2
Panorama,Niksa,2
Panorama,Panorama,2
Panorama,Peter,2
Panorama,Additionally,1
Panorama,Anthony,1
Panorama,Baz,1
Panorama,Blac,1
Panorama,Braz,1
Panorama,Daniel,1
Panorama,Domagoj,1
Panorama,Dubrovnik,1
Panorama,Ivo,1
Panorama,Ivon,1
Panorama,Josipa,1
Panorama,Kristian,1
Panorama,Marioj,1
Panorama,Mataeou,1
Panorama,Mateo,1
Panorama,Pero,1
Panorama,Petar,1
Panorama,Stjepan,1
Panorama,That,1
Panorama,Thomir,1
Panorama,Tomo,1
Panorama,Tony,1
Panorama,Verdun,1
Panorama,While,1
