name,restaurant,country,rating
Petra,Panorama,USA,5
Tomo,Panorama,Croatia,5
Martin,Panorama,United Kingdom,5
This,Panorama,United Kingdom,5
Martin,Panorama,United Kingdom,5
Ivan,Panorama,United Kingdom,5
Martin,Panorama,Spain,5
Ivan,Panorama,United Kingdom,5
Martin,Panorama,United Kingdom,5
Petra,Panorama,United Kingdom,5
Vedran,Panorama,India,5
Marco,Panorama,United Kingdom,5
Petra,Panorama,United Kingdom,5
Peter,Panorama,United Kingdom,5
Mateo,Panorama,United Kingdom,5
Pero,Panorama,Ireland,5
Ivo,Panorama,Australia,5
And,Panorama,Australia,5
Petra,Panorama,Australia,5
Mataeou,Panorama,United Kingdom,5
Marco,Panorama,Kent,5
Marco,Panorama,Australia,5
Robert,Panorama,USA,5
Petra,Panorama,USA,5
Marco,Panorama,United Kingdom,4
Marko,Panorama,USA,5
Marco,Panorama,Ireland,5
Robert,Panorama,Spain,2
Robert,Panorama,United Kingdom,5
Roberto,Panorama,Croatia,5
Vedran,Panorama,United Kingdom,5
It,Panorama,United Kingdom,5
Vedran,Panorama,Ireland,5
Marco,Panorama,Ireland,5
Marko,Panorama,USA,5
Tony,Panorama,France,5
Robert,Panorama,Australia,5
Marko,Panorama,France,5
This,Panorama,United States,5
Robert,Panorama,United States,5
Panorama,Panorama,United States,5
Ivan,Panorama,Norway,4
Marko,Panorama,USA,5
Blaz,Panorama,Australia,5
Ivon,Panorama,USA,5
Ivan,Panorama,USA,5
Vedran,Panorama,Austria,5
Robert,Panorama,United Kingdom,5
Blaz,Panorama,Cork,5
Bla,Panorama,Austria,5
Vedran,Panorama,United Kingdom,5
Anthony,Panorama,UK,5
And,Panorama,USA,5
Blac,Panorama,United Kingdom,5
Nikolai,Panorama,United Kingdom,5
Nikolai,Panorama,United Kingdom,5
Blaz,Panorama,Canada,5
Blaz,Panorama,United Kingdom,5
Nikola,Panorama,USA,5
Petar,Panorama,United Kingdom,5
Nikola,Panorama,United Kingdom,5
Blaz,Panorama,United Kingdom,5
Vedran,Panorama,The Netherlands,5
Blaz,Panorama,United Kingdom,5
Blaz,Panorama,Canada,5
Blaz,Panorama,Ireland,5
Antonio,Panorama,USA,5
Nikola,Panorama,Stewarton,5
Antonio,Panorama,United Kingdom,5
Antonio,Panorama,United Kingdom,5
Antonio,Panorama,United Kingdom,5
Robert,Panorama,France,5
Josip,Panorama,United Kingdom,5
Marko,Panorama,Norway,5
Peter,Panorama,United Kingdom,5
Tihomir,Panorama,Slovenia,5
Braz,Panorama,Ireland,4
Josip,Panorama,United Kingdom,5
Tihomir,Panorama,United Kingdom,5
Niksa,Panorama,United Kingdom,5
Vedran,Panorama,USA,5
Vedran,Panorama,USA,5
Blaz,Panorama,United Kingdom,5
Josip,Panorama,United Kingdom,5
Josip,Panorama,Croatia,5
Dubrovnik,Panorama,Croatia,5
Verdun,Panorama,Amersham,4
Ivan,Panorama,Ireland,5
Drazen,Panorama,United Kingdom,5
This,Panorama,United Kingdom,5
This,Panorama,Turku,5
It,Panorama,USA,5
Vedran,Panorama,United Kingdom,5
Domagoj,Panorama,Ireland,5
Drazen,Panorama,USA,5
Thomir,Panorama,United Kingdom,5
Drazen,Panorama,United Kingdom,5
Josipa,Panorama,United Kingdom,5
While,Panorama,USA,5
Rajko,Panorama,Ilford,5
Rajko,Panorama,USA,5
Stjepan,Panorama,Ireland,5
Daniel,Panorama,USA,5
Bla,Panorama,Croatia,5
Vedran,Panorama,United Kingdom,5
Blaz,Panorama,United Kingdom,5
Josip,Panorama,Canada,5
Rajko,Panorama,PE,5
This,Panorama,Australia,4
Josip,Panorama,USA,5
Josip,Panorama,USA,5
Vedran,Panorama,United Kingdom,5
Rajko,Panorama,Switzerland,5
Niksa,Panorama,USA,5
Roberto,Panorama,USA,4
This,Panorama,United Kingdom,4
This,Panorama,USA,5
Martin,Panorama,Brazil,5
Additionally,Panorama,United Kingdom,5
Kristian,Panorama,USA,4
Marijo,Panorama,Australia,5
It,Panorama,United Kingdom,4
Roberto,Panorama,United Kingdom,5
Mario,Panorama,Portugal,5
Martin,Panorama,United Kingdom,5
Mario,Panorama,Finland,5
Marijo,Panorama,United Kingdom,5
Mario,Panorama,United Kingdom,5
Mario,Panorama,United Kingdom,5
Tihomir,Panorama,United Kingdom,5
Roberto,Panorama,USA,5
Mario,Panorama,Malaysia,5
Panorama,Panorama,United Kingdom,5
Marioj,Panorama,United Kingdom,5
Baz,Panorama,singapore,5
That,Panorama,newcastle upon tyne,5
Marijo,Panorama,United Kingdom,5
Mario,Panorama,United Kingdom,5
This,Panorama,United Kingdom,3
Marijo,Panorama,United Kingdom,5
Mario,Panorama,United Kingdom,5
This,Panorama,United Kingdom,3
Marijo,Panorama,United Kingdom,5
This,Arsenal,USA,5
Marco,Arsenal,West Hollywood ca,4
Anthony,Arsenal,USA,5
Bero,Arsenal,USA,5
Ana,Arsenal,USA,5
Marijo,Arsenal,USA,5
And,Arsenal,minneapolis,3
Stjepan,Arsenal,Finland,5
Marijo,Arsenal,United Kingdom,5
Ana,Arsenal,United Kingdom,5
Anthony,Arsenal,Australia,5
Ovren,Arsenal,Canada,5
Stjepan,Arsenal,United Kingdom,5
Zac,Arsenal,France,5
Zegkd,Arsenal,Italy,5
Anton,Arsenal,United Kingdom,5
Marijo,Arsenal,USA,5
Marijo,Arsenal,USA,5
Josef,Arsenal,USA,5
Obren,Arsenal,USA,5
Obreh,Arsenal,United Kingdom,5
Obren,Arsenal,United Kingdom,5
Marijo,Arsenal,USA,5
Marijo,Arsenal,USA,5
Obren,Arsenal,United Kingdom,5
Davor,Arsenal,Ireland,5
Marijeta,Arsenal,United Kingdom,5
Marko,Arsenal,Ireland,5
It,Arsenal,United Kingdom,5
Obren,Arsenal,India,5
Robert,Arsenal,Eleuthera,5
Mario,Arsenal,Italy,5
Stefan,Arsenal,United Kingdom,5
Davor,Arsenal,United Kingdom,5
Obren,Arsenal,USA,5
Anton,Arsenal,Denmark,5
Marijo,Arsenal,Canada,5
Marietta,Arsenal,Germany,5
Nemahja,Arsenal,United Kingdom,5
Evo,Arsenal,USA,5
Mario,Arsenal,USA,5
Obran,Arsenal,Ireland,5
Ante,Arsenal,USA,5
Obren,Arsenal,USA,5
Obren,Arsenal,USA,5
Robert,Arsenal,USA,5
Robert,Arsenal,USA,5
Ante,Arsenal,USA,5
Blaze,Arsenal,Australia,5
Marco,Arsenal,United Kingdom,5
Obren,Arsenal,United Kingdom,5
Ante,Arsenal,USA,5
Stjepan,Arsenal,SP,5
Bojan,Arsenal,Ireland,5
This,Arsenal,United Kingdom,5
Ivo,Arsenal,Canada,5
Stjepan,Arsenal,United Kingdom,5
Marijo,Arsenal,USA,5
St,Arsenal,United Kingdom,5
Robert,Arsenal,Essex,5
Marko,Arsenal,United Kingdom,5
Marijo,Arsenal,USA,5
Ante,Arsenal,Poland,5
Obren,Arsenal,United Arab Emirates,5
Romana,Arsenal,Australia,5
Aleksandar,Arsenal,USA,5
Ante,Arsenal,United Kingdom,5
Ante,Arsenal,United Kingdom,5
Vlaho,Arsenal,United Kingdom,5
Vlaho,Arsenal,USA,5
Davor,Arsenal,United Kingdom,5
Marijo,Arsenal,United Kingdom,5
Stefan,Arsenal,United Kingdom,5
It,Arsenal,United Kingdom,5
Ivan,Arsenal,USA,5
Joseph,Arsenal,Germany,5
Ante,Arsenal,USA,5
Plaz,Arsenal,USA,5
Ante,Arsenal,China,4
Robert,Arsenal,USA,5
Ivan,Arsenal,USA,5
Ivan,Arsenal,USA,5
Ante,Arsenal,The Netherlands,5
Marijo,Arsenal,United Kingdom,5
Vlaho,Arsenal,The Netherlands,5
Ante,Arsenal,Philippines,5
Vlaho,Arsenal,USA,5
Antonio,Arsenal,usa,5
Stjepan,Arsenal,United Kingdom,5
Antonio,Arsenal,USA,5
Blaz,Arsenal,United Kingdom,5
Stjepan,Arsenal,United Kingdom,5
Vlaho,Arsenal,United Kingdom,5
Ante,Arsenal,Australia,5
Ivan,Arsenal,United Kingdom,5
Tomislav,Arsenal,Ireland,5
Marijo,Arsenal,United Kingdom,5
Vlaho,Arsenal,United Kingdom,5
Ante,Arsenal,USA,5
Ivan,Arsenal,USA,5
Tomislav,Arsenal,United Kingdom,5
Tom,Arsenal,United Kingdom,5
Christian,Arsenal,Italy,5
Ivan,Arsenal,United Kingdom,5
Ante,Arsenal,USA,5
Ante,Arsenal,Glasgow,5
Tomislav,Arsenal,USA,5
Ivan,Arsenal,Spain,5
This,Arsenal,United Kingdom,5
Marko,Arsenal,Belgium,5
Stjepan,Arsenal,USA,5
Ivan,Arsenal,United Kingdom,5
Vlaho,Arsenal,United Kingdom,5
Ante,Arsenal,United Kingdom,5
Ivan,Arsenal,Leicester,5
Ante,Arsenal,United Kingdom,5
Marco,Arsenal,Norway,4
Ante,Arsenal,United Kingdom,5
Ante,Arsenal,New Zealand,5
Ante,Arsenal,United Kingdom,5
This,Arsenal,United Kingdom,5
This,Arsenal,United Kingdom,5
Marko,Arsenal,The Netherlands,5
Ermin,Arsenal,United Kingdom,5
Davor,Arsenal,United Kingdom,5
Davor,Arsenal,United Kingdom,5
Marco,Arsenal,United Kingdom,5
Martin,Arsenal,United Kingdom,5
Martin,Arsenal,Germany,5
Marijo,Arsenal,USA,5
Romana,Arsenal,San Francisco,5
Valentino,Arsenal,USA,5
This,Arsenal,USA,5
Marjo,Arsenal,Switzerland,5
Marijo,Arsenal,United Kingdom,5
Marijo,Arsenal,United Kingdom,5
Somehow,Arsenal,Germany,5
It,Arsenal,United Kingdom,5
Aresenal,Arsenal,Sydney,4
Maria,Arsenal,USA,5
Marija,Arsenal,United Kingdom,5
Markos,Arsenal,USA,5
Daniel,Arsenal,uk,5
This,Arsenal,Guildford,5
Stejpan,Arsenal,Australia,5
Damir,Arsenal,United Kingdom,5
Marijo,Arsenal,United Kingdom,5
Ivan,Arsenal,United Kingdom,4
Maria,Arsenal,United Kingdom,5
Marijo,Arsenal,Ireland,5
Ivan,Arsenal,Australia,5
Marco,Arsenal,United Kingdom,5
Karlo,Arsenal,USA,5
Damir,Arsenal,USA,5
Daniel,Arsenal,United Kingdom,5
Maro,Arsenal,United Kingdom,5
Mihai,Arsenal,USA,5
Ivan,Arsenal,USA,5
Ivan,Arsenal,Canada,5
Ivan,Arsenal,United Kingdom,5
Ante,Arsenal,Bromborough,5
This,Arsenal,Australia,5
This,Arsenal,United Kingdom,5
Arsenal,Arsenal,Australia,4
Karlo,Arsenal,Brazil,5
Marija,Arsenal,USA,5
Igor,Arsenal,United Kingdom,5
Daniel,Arsenal,Ireland,5
Ivan,Arsenal,United Kingdom,5
Stepjan,Arsenal,USA,5
Tanja,Arsenal,United Kingdom,5
Maro,Arsenal,United Kingdom,5
Daniel,Arsenal,Ireland,5
Stjepan,Arsenal,United Kingdom,5
Ivor,Arsenal,United Kingdom,5
Ivan,Arsenal,United Kingdom,5
Ivan,Arsenal,Lebanon,4
Ivan,Arsenal,United Kingdom,5
Ivan,Arsenal,United Kingdom,5
Ivan,Arsenal,United Kingdom,5
Goran,Arsenal,India,5
This,Arsenal,Australia,5
Marjo,Arsenal,United Arab Emirates,5
Marijo,Arsenal,Australia,5
Marijo,Arsenal,USA,5
Marijo,Arsenal,United Kingdom,5
Marijo,Arsenal,USA,5
Marijo,Arsenal,USA,5
This,Arsenal,England,5
When,Arsenal,USA,5
Mario,Arsenal,Canada,5
Roberto,Arsenal,United Kingdom,4
Dragan,Dubravka,Canada,5
Jasmin,Dubravka,Poland,5
Kosta,Dubravka,USA,5
Gibi,Dubravka,Malaysia,5
Service,Dubravka,Australia,5
Dover,Dubravka,USA,5
Stipe,Dubravka,USA,5
Ante,Dubravka,United Kingdom,5
Gibermu,Dubravka,United Kingdom,5
Mario,Dubravka,United Kingdom,5
Mario,Dubravka,Kingston,5
Duie,Dubravka,Germany,5
Ivan,Dubravka,United Kingdom,5
Stipe,Dubravka,Ireland,5
Kosta,Dubravka,Sweden,5
This,Dubravka,Sweden,5
Kosta,Dubravka,USA,5
Alexa,Dubravka,United Kingdom,5
This,Dubravka,United Kingdom,5
Duje,Dubravka,United Kingdom,5
Duje,Dubravka,Walsall,5
Stipe,Dubravka,United Kingdom,5
Duje,Dubravka,Ireland,5
Blaz,Dubravka,Japan,5
Davor,Dubravka,Singapore,4
Antun,Dubravka,USA,5
Jasmine,Dubravka,Canada,5
Jazmin,Dubravka,USA,5
Alexa,Dubravka,Norway,5
Ivan,Dubravka,United Kingdom,4
Antonio,Dubravka,USA,4
Duje,Dubravka,Australia,5
Duje,Dubravka,Australia,5
Duja,Dubravka,USA,5
Dario,Dubravka,USA,5
It,Dubravka,Canada,4
Luca,Dubravka,United Kingdom,5
Blaz,Dubravka,United Kingdom,5
Antun,Dubravka,USA,5
Neven,Dubravka,United Kingdom,5
Ivan,Dubravka,United Kingdom,5
This,Dubravka,United Kingdom,5
Anita,Dubravka,Slovenia,5
Ivan,Dubravka,Belgium,5
Ivan,Dubravka,USA,5
Mario,Dubravka,Germany,4
This,Dubravka,United Kingdom,5
Ivan,Dubravka,United Kingdom,5
Anita,Dubravka,United Kingdom,5
Toni,Dubravka,United Arab Emirates,5
Jasmin,Dubravka,New Zealand,5
Branka,Dubravka,United Kingdom,5
Ivan,Dubravka,United Kingdom,5
Then,Dubravka,USA,5
This,Dubravka,Portugal,4
Anita,Dubravka,near edinburgh,5
Ivana,Dubravka,United Arab Emirates,5
Jasmin,Dubravka,Canada,5
Jasmin,Dubravka,United Kingdom,5
Dario,Dubravka,The Netherlands,5
Maris,Dubravka,Australia,4
This,Dubravka,United Kingdom,5
Ivana,Dubravka,United Kingdom,5
This,Dubravka,Ireland,5
Restaurant,Dubravka,United Kingdom,3
Anita,Dubravka,United Kingdom,5
Anita,Dubravka,India,4
Ivana,Dubravka,Croatia,5
Ivana,Dubravka,Australia,5
It,Dubravka,Slovakia,5
However,Dubravka,New Zealand,3
This,Dubravka,United Kingdom,5
Mario,Dubravka,United Kingdom,3
This,Dubravka,USA,5
Unfortunately,Dubravka,Kerry,1
Branko,Dubravka,United Kingdom,5
Josip,Dubravka,The Netherlands,5
Mario,Dubravka,USA,5
Ermin,Dubravka,United Kingdom,5
Mirko,Dubravka,Hampshire,5
This,Dubravka,United Kingdom,5
Roberto,Dubravka,United Kingdom,4
Branco,Dubravka,United Kingdom,5
It,Dubravka,Winnipeg,4
Marijo,Dubravka,Australia,5
Dimko,Dubravka,United Kingdom,5
Jasmin,Dubravka,United Kingdom,5
It,Dubravka,USA,4
Antonio,Nautika,USA,5
Antonio,Nautika,USA,5
Antonio,Nautika,USA,5
Antonio,Nautika,Sweden,5
Henry,Nautika,United Kingdom,5
Antonio,Nautika,USA,5
Henry,Nautika,United Kingdom,5
Antonio,Nautika,Morocco,5
Andrej,Nautika,United Kingdom,5
Henry,Nautika,United Kingdom,5
Henry,Nautika,United Kingdom,5
Antonio,Nautika,USA,5
Antonio,Nautika,Belgium,5
Henry,Nautika,United Kingdom,5
Henry,Nautika,United Kingdom,5
Hendri,Nautika,South Africa,5
This,Nautika,USA,5
Ante,Nautika,Australia,5
Henry,Nautika,Sweden,5
Antonio,Nautika,Singapore,5
Mario,Nautika,Luxembourg,5
Antonio,Nautika,Zürich,5
It,Nautika,Zürich,5
Mario,Nautika,United Kingdom,5
Maro,Nautika,Ireland,5
Maro,Nautika,Australia,5
Ivan,Nautika,USA,5
They,Nautika,USA,5
Maro,Nautika,United Kingdom,5
Maro,Nautika,USA,5
Maroje,Nautika,Thailand,5
Mr,Nautika,USA,5
Maro,Nautika,United Kingdom,5
Maro,Nautika,USA,5
Maro,Nautika,USA,5
Maro,Nautika,Malta,5
Ivan,Nautika,Ireland,5
Mario,Nautika,USA,5
Maro,Nautika,england,5
Mica,Nautika,Finland,5
Tihana,Nautika,World,5
Tihana,Nautika,United Kingdom,5
Valentino,Nautika,USA,5
This,Nautika,Canada,3
Mario,Nautika,United Kingdom,5
Mario,Nautika,USA,5
Martin,Nautika,Spain,5
This,Nautika,USA,5
Rajko,Nautika,United Kingdom,5
Ivan,Nautika,USA,5
Martin,Nautika,USA,5
Ivan,Nautika,United Kingdom,4
Especially,Nautika,United Kingdom,4
Martin,Nautika,United Kingdom,5
Valentino,Nautika,United Kingdom,5
It,Nautika,United Kingdom,4
It,Nautika,Canada,5
Mario,Nautika,USA,5
It,Nautika,United Kingdom,1
Mario,Nautika,USA,5
Mario,Nautika,USA,5
Ivan,Nautika,United Kingdom,5
Mario,Nautika,Ireland,5
Nautika,Nautika,Norway,5
Martyn,Nautika,United Kingdom,4
Mario,Nautika,USA,5
Ivan,Nautika,United States,5
Ivan,Nautika,USA,5
Mario,Nautika,United Kingdom,5
Ivan,Nautika,United Kingdom,5
Ivan,Nautika,london,5
Mario,Nautika,United Kingdom,5
Ivan,Nautika,United Kingdom,5
Mario,Nautika,United Kingdom,5
Mario,Nautika,United Kingdom,5
Vinko,Nautika,Australia,5
This,Nautika,United Kingdom,5
Ivan,Nautika,Norway,5
Mario,Nautika,Australia,5
Mario,Nautika,United Kingdom,5
Mario,Nautika,USA,5
Ivan,Nautika,United Kingdom,5
This,Nautika,USA,5
Nautika,Nautika,Australia,5
Evan,Nautika,Ireland,5
Ivan,Nautika,USA,5
Marco,Nautika,United Kingdom,5
Darko,Nautika,United Kingdom,5
It,Nautika,The Netherlands,4
Ivan,Nautika,United Kingdom,5
Ivan,Nautika,Australia,5
Ivan,Nautika,United Kingdom,5
Mario,Nautika,United Kingdom,5
It,Nautika,United Kingdom,5
It,Nautika,United Kingdom,5
Ivan,Nautika,Croatia,5
Ivan,Nautika,Hertfordshire,5
