Source Market,Market Size (Dubrovnik 2024),Priority Level,Top Channel 1,Top Channel 2,Top Channel 3,Top Channel 4,Avg Spending,Booking Behavior,Platform Preference,Special Notes
United States,High (Top 3),CRITICAL,Google Search,Facebook/Instagram,Resy/OpenTable,Influencers,Highest,30-90 days advance,Resy/OpenTable preferred,TripAdvisor trusted; credit card programs work well
United Kingdom,Very High (Top 2),CRITICAL,Google Search,Facebook/Instagram,TripAdvisor,Email Marketing,High,Last minute surge,TripAdvisor dominant,Brexit travelers seek value but willing to splurge on dining
Germany,Very High (Top 3),CRITICAL,Google Search,Facebook,Programmatic Display,Email Marketing,Moderate-High,60-120 days advance,Early research phase,Value-conscious but quality-focused; longer stays
Croatia (Domestic),Highest,HIGH,Google Maps,Facebook,Instagram,Local Partnerships,Moderate,Last minute,Google/Facebook only,Focus on special occasions; weekend dining
China,Emerging,EMERGING,Dianping,WeChat,Xiaohongshu (RED),Travel Blogs,Very High,Research heavy,Dianping essential,COVID recovery pending; massive growth potential when returns
Japan,Emerging,EMERGING,Tabelog,Instagram,Google,Travel Blogs,High,Extensive research,Tabelog trusted,Meticulous planners; low no-show; premium selections
France,Medium,MEDIUM,Google Search,Instagram,TripAdvisor,Travel Blogs,High,30-60 days advance,Visual platforms,Appreciate gastronomy; Michelin-conscious
Italy,Medium,MEDIUM,Google Search,Instagram,TripAdvisor,Direct,High,30-60 days advance,Visual + review sites,Food-savvy; appreciate quality; regional travel
Australia,Medium-Low,MEDIUM,Google Search,Instagram,TripAdvisor,Influencers,High,90-180 days advance,Early planners,Long-haul travelers; premium experiences; full itinerary planning
Canada,Medium-Low,MEDIUM,Google Search,Facebook,TripAdvisor,Resy/OpenTable,High,60-120 days advance,Similar to US,Similar to USA; slightly more price-conscious
Spain,Medium,MEDIUM,Google Search,Instagram,TripAdvisor,Direct,Moderate,30-60 days advance,Mobile-first,Regional travel; food culture; peer reviews important
Netherlands,Medium,MEDIUM,Google Search,Facebook,TripAdvisor,Booking.com,Moderate-High,60-90 days advance,Early planners,English-speaking; research-oriented; value-conscious
Ireland,Low-Medium,LOW,Google Search,Facebook,TripAdvisor,Direct,Moderate-High,30-60 days advance,Review-driven,Similar to UK; smaller volume; peer recommendations
Greece,Low-Medium,LOW,Google Search,Instagram,TripAdvisor,Direct,Moderate,30-60 days advance,Visual platforms,Regional EU travel; summer focused
Poland,Low-Medium,LOW,Google Search,Facebook,TripAdvisor,Direct,Moderate,30-60 days advance,Price-conscious,Growing market; budget-conscious but dining-focused
Brazil,Low,EXPERIMENTAL,Google Search,Instagram,TikTok,Influencers,High,60-90 days advance,Social discovery,Long-haul; experience-seekers; influencer-driven decisions
India,Low,EXPERIMENTAL,Google Search,Instagram,TripAdvisor,YouTube,Moderate-High,90-180 days advance,Extensive research,Emerging market; dietary restrictions noted; family travel
South Korea,Low,EXPERIMENTAL,Instagram,Naver,YouTube,Influencers,High,60-90 days advance,Visual + video,Photo-focused; social sharing important; trendy destinations
